ZCTA5CE10,INTPTLAT10,INTPTLON10,STUSPS
"23085","+37.6889537","-076.8256452",VA
"23086","+37.6685728","-077.0544136",VA
"23089","+37.4557955","-076.9035007",VA
"23091","+37.6562637","-076.8024918",VA
"23092","+37.6067689","-076.5147485",VA
"23093","+38.0041674","-078.0400574",VA
"23102","+37.7081193","-077.8286536",VA
"23103","+37.6480344","-077.7236401",VA
"23106","+37.7161066","-077.2015109",VA
"23108","+37.6447410","-076.7346140",VA
"23109","+37.4327170","-076.3325059",VA
"23110","+37.5828205","-076.7711082",VA
"23111","+37.6135508","-077.2430187",VA
"20158","+39.1396474","-077.6588587",VA
"20164","+39.0132988","-077.3950669",VA
"20165","+39.0575376","-077.3920090",VA
"20166","+38.9861371","-077.4556944",VA
"23112","+37.4334053","-077.6628623",VA
"23113","+37.5398088","-077.6797428",VA
"23114","+37.4822263","-077.6597711",VA
"23115","+37.8109844","-076.9144680",VA
"23116","+37.6756492","-077.3367076",VA
"23117","+37.9819988","-077.8739756",VA
"23119","+37.4481737","-076.2771780",VA
"23120","+37.4220804","-077.7813703",VA
"23123","+37.6518338","-078.3011416",VA
"23124","+37.5509501","-077.0440415",VA
"23125","+37.3271266","-076.2808295",VA
"23126","+37.9234605","-077.1443162",VA
"23128","+37.4360671","-076.4329581",VA
"23129","+37.6816303","-077.7704202",VA
"23130","+37.3872855","-076.2594393",VA
"23138","+37.3426514","-076.3043243",VA
"20169","+38.8770644","-077.6476062",VA
"20170","+38.9798421","-077.3797496",VA
"20171","+38.9237795","-077.3965458",VA
"20175","+39.0644337","-077.6038459",VA
"20176","+39.1848534","-077.5431839",VA
"20180","+39.2685909","-077.6376364",VA
"20181","+38.6891263","-077.5696104",VA
"23139","+37.5459880","-077.9367278",VA
"23140","+37.4350129","-077.0383105",VA
"23141","+37.5286896","-077.1561443",VA
"23146","+37.7234278","-077.7103985",VA
"23148","+37.8464284","-077.0546396",VA
"23149","+37.5756714","-076.6092825",VA
"23150","+37.5011407","-077.2525808",VA
"23153","+37.7708047","-077.9472587",VA
"23156","+37.5211414","-076.7066183",VA
"23160","+37.6281625","-077.8459161",VA
"23161","+37.7157058","-076.9352286",VA
"23163","+37.3534493","-076.3109485",VA
"23168","+37.3957569","-076.8251097",VA
"23169","+37.6034513","-076.4572390",VA
"23173","+37.5776762","-077.5369690",VA
"20184","+39.0006706","-077.8837541",VA
"20186","+38.6981405","-077.8514255",VA
"20187","+38.7218469","-077.7481869",VA
"20190","+38.9591868","-077.3410700",VA
"20191","+38.9333152","-077.3501175",VA
"20194","+38.9810409","-077.3407847",VA
"20197","+39.1952099","-077.6280096",VA
"20198","+38.8842020","-077.7446175",VA
"22003","+38.8302359","-077.2147245",VA
"23175","+37.6548691","-076.6243570",VA
"23176","+37.5729408","-076.4149762",VA
"23177","+37.7550094","-077.0144930",VA
"23180","+37.7024275","-076.6152654",VA
"23181","+37.5974913","-076.8890603",VA
"23185","+37.2287509","-076.7186574",VA
"20910","+39.0028598","-077.0366464",MD
"20912","+38.9816005","-077.0011588",MD
"23434","+36.7030034","-076.5921049",VA
"23435","+36.8413400","-076.4842315",VA
"23436","+36.8937555","-076.5069166",VA
"23437","+36.6271154","-076.8031971",VA
"23438","+36.5814926","-076.6965448",VA
"23440","+37.8444175","-075.9976938",VA
"21001","+39.5044917","-076.2010478",MD
"21005","+39.4930878","-076.1725410",MD
"21009","+39.4668819","-076.2952295",MD
"21010","+39.3909318","-076.2926291",MD
"23441","+37.7102679","-075.6996850",VA
"23442","+37.9047565","-075.5754368",VA
"23451","+36.8651264","-076.0058274",VA
"21012","+39.0465308","-076.4955494",MD
"21013","+39.5114897","-076.4908000",MD
"21014","+39.5360835","-076.3521843",MD
"21015","+39.5441757","-076.2924690",MD
"21017","+39.4748314","-076.2345748",MD
"21028","+39.5659645","-076.2495270",MD
"23452","+36.8457559","-076.0928070",VA
"23453","+36.7834905","-076.0712074",VA
"23454","+36.8180371","-076.0308570",VA
"23455","+36.8929973","-076.1471083",VA
"23456","+36.7369537","-076.0359871",VA
"23457","+36.6127473","-076.0241393",VA
"21029","+39.2135600","-076.9593916",MD
"21030","+39.4924123","-076.6744427",MD
"21031","+39.4872051","-076.6580131",MD
"21032","+39.0283428","-076.6041445",MD
"23459","+36.9246550","-076.0192292",VA
"23460","+36.8079766","-076.0284115",VA
"23461","+36.7754025","-075.9632503",VA
"23462","+36.8373127","-076.1505139",VA
"23464","+36.7969165","-076.1876305",VA
"23480","+37.6186805","-075.6906586",VA
"23486","+37.5131515","-075.8136667",VA
"23487","+36.8473682","-076.7250476",VA
"23488","+37.9476127","-075.5984594",VA
"23502","+36.8609410","-076.2049081",VA
"23503","+36.9487857","-076.2664591",VA
"21034","+39.6405818","-076.2231041",MD
"21035","+38.9382997","-076.6265878",MD
"21036","+39.2346438","-077.0067390",MD
"21658","+38.9442683","-076.1439380",MD
"21659","+38.5898809","-075.7674267",MD
"21660","+38.9557504","-075.8901072",MD
"21661","+39.0961207","-076.2194881",MD
"21662","+38.7105881","-076.2083465",MD
"23504","+36.8573016","-076.2656124",VA
"23505","+36.9142203","-076.2894050",VA
"23507","+36.8645639","-076.3032182",VA
"23508","+36.8848883","-076.3102700",VA
"21663","+38.7882856","-076.2286564",MD
"21664","+38.6070806","-075.9446935",MD
"21665","+38.7518003","-076.3325970",MD
"21666","+38.9401390","-076.3357899",MD
"21667","+39.3507121","-076.0420016",MD
"21668","+39.1911914","-075.8529999",MD
"21669","+38.4600809","-076.2851607",MD
"21671","+38.6955736","-076.3351279",MD
"21672","+38.2716986","-076.0527038",MD
"21673","+38.6422853","-076.0434921",MD
"21675","+38.2889789","-076.0895996",MD
"21676","+38.7732061","-076.3531885",MD
"21677","+38.4721825","-076.1738435",MD
"23509","+36.8824127","-076.2639598",VA
"20036","+38.9070166","-077.0415694",DC
"20037","+38.8988888","-077.0554558",DC
"23881","+37.1807410","-076.9778290",VA
"23882","+36.9261726","-077.4216870",VA
"23883","+37.1359617","-076.7358919",VA
"23884","+36.9172343","-077.2794423",VA
"23885","+37.1902867","-077.5726591",VA
"23887","+36.5733623","-077.8169167",VA
"23888","+36.9499583","-076.9750420",VA
"23889","+36.9029331","-077.7472458",VA
"24055","+36.7561687","-079.9975541",VA
"24058","+37.1766630","-080.6222517",VA
"24059","+37.1637255","-080.1304844",VA
"20045","+38.8967315","-077.0307978",DC
"20052","+38.9001263","-077.0469809",DC
"20053","+38.8841216","-077.0112238",DC
"20057","+38.9091201","-077.0757351",DC
"20064","+38.9363636","-076.9991944",DC
"20202","+38.8870708","-077.0210103",DC
"20204","+38.8855585","-077.0144293",DC
"20228","+38.8864117","-077.0302819",DC
"20230","+38.8937940","-077.0327979",DC
"20240","+38.8944563","-077.0426047",DC
"20245","+38.8933396","-077.0444595",DC
"20260","+38.8836690","-077.0250359",DC
"20307","+38.9749659","-077.0304706",DC
"20317","+38.9348414","-077.0143869",DC
"20319","+38.8648375","-077.0170027",DC
"24060","+37.2554769","-080.4225368",VA
"24064","+37.3763112","-079.7703953",VA
"20373","+38.8586251","-077.0078652",DC
"20390","+38.8790191","-076.9936955",DC
"20405","+38.8963769","-077.0425882",DC
"20418","+38.8928004","-077.0477644",DC
"20427","+38.9020575","-077.0475580",DC
"20506","+38.8970713","-077.0387279",DC
"20510","+38.8927801","-077.0068900",DC
"20520","+38.8947592","-077.0484070",DC
"20535","+38.8944668","-077.0248443",DC
"20540","+38.8879292","-077.0047135",DC
"20551","+38.8928021","-077.0457999",DC
"20553","+38.8869455","-077.0229684",DC
"20560","+38.8882330","-077.0259190",DC
"20565","+38.8906304","-077.0192113",DC
"20566","+38.8955701","-077.0551275",DC
"20593","+38.8667133","-077.0101869",DC
"24065","+37.1171179","-079.9971077",VA
"24066","+37.5369094","-079.6811913",VA
"24067","+37.0323543","-080.0603195",VA
"24070","+37.3560826","-080.2258896",VA
"24072","+37.0419899","-080.2423807",VA
"24473","+37.9347473","-079.4153585",VA
"24474","+37.8056124","-079.8455296",VA
"24476","+37.9744658","-079.2273608",VA
"24477","+38.0048779","-079.0422325",VA
"24479","+38.1639444","-079.2390438",VA
"24482","+38.2059355","-078.9966756",VA
"24483","+37.7889244","-079.2510419",VA
"24485","+38.2676027","-079.3330241",VA
"24486","+38.2968851","-078.9245335",VA
"24487","+38.1836535","-079.5976059",VA
"24501","+37.3597406","-079.1412719",VA
"24502","+37.3604015","-079.2215793",VA
"24503","+37.4540155","-079.2497358",VA
"24504","+37.3652485","-079.0481922",VA
"24517","+37.1475157","-079.2371598",VA
"24521","+37.6332914","-079.1008400",VA
"24522","+37.3767914","-078.7787735",VA
"24523","+37.3443000","-079.5224943",VA
"24526","+37.5432734","-079.4159354",VA
"24527","+36.7367676","-079.3417212",VA
"24528","+37.0796860","-078.8762288",VA
"24529","+36.6266188","-078.6467538",VA
"24530","+36.8070667","-079.6195012",VA
"24531","+36.8426207","-079.4537811",VA
"24534","+36.8674146","-078.7705116",VA
"24536","+37.4956893","-079.3265324",VA
"24538","+37.3451975","-078.9623717",VA
"24539","+36.8529004","-078.9147182",VA
"24540","+36.6345079","-079.4267575",VA
"24549","+36.7066605","-079.5044754",VA
"24550","+37.2396299","-079.2453951",VA
"24551","+37.3562564","-079.3245982",VA
"24553","+37.5455038","-078.8100097",VA
"24554","+37.1200450","-079.0716192",VA
"24555","+37.6698287","-079.4840879",VA
"24556","+37.3758248","-079.3993050",VA
"24557","+36.9698593","-079.3064236",VA
"24558","+36.7743412","-078.9539635",VA
"24562","+37.6954255","-078.6377769",VA
"24563","+37.0625005","-079.2791153",VA
"24565","+36.8527198","-079.1895012",VA
"24566","+36.7318276","-079.2526395",VA
"24569","+37.0425522","-079.1258554",VA
"24570","+37.3464600","-079.4244569",VA
"24571","+37.1329610","-079.3727482",VA
"24572","+37.4649088","-079.0952645",VA
"24574","+37.5761497","-079.2533667",VA
"24577","+36.9439327","-078.9826737",VA
"24578","+37.6598822","-079.5622801",VA
"24579","+37.5858030","-079.5026984",VA
"24580","+36.5790539","-078.6731211",VA
"24581","+37.6552156","-078.8057655",VA
"24588","+37.2621518","-079.0962335",VA
"24589","+36.7608077","-078.7580474",VA
"24590","+37.7960015","-078.4923728",VA
"24592","+36.6757949","-078.9655551",VA
"24593","+37.3225639","-078.9027582",VA
"24594","+36.6468433","-079.1785280",VA
"24595","+37.5607097","-079.0810207",VA
"24597","+36.7824109","-079.1108578",VA
"24598","+36.6046699","-078.7880038",VA
"24599","+37.6235625","-078.7238902",VA
"24601","+37.1937322","-081.6492428",VA
"24602","+37.1832130","-081.6585102",VA
"24603","+37.3553860","-082.1901086",VA
"24605","+37.2541777","-081.3712107",VA
"24606","+37.2863132","-081.3987713",VA
"24607","+37.2935272","-082.2625500",VA
"24609","+37.0095992","-081.8078131",VA
"24612","+37.0933753","-081.8381408",VA
"24613","+37.2651569","-081.3368806",VA
"24614","+37.2986510","-082.0710885",VA
"24620","+37.4313520","-082.0117572",VA
"24622","+37.2146744","-081.7898525",VA
"24628","+37.2824023","-082.2229847",VA
"24630","+37.1783270","-081.4655455",VA
"24631","+37.2172662","-081.9906938",VA
"24634","+37.2678274","-081.9027509",VA
"24635","+37.3126106","-081.3629878",VA
"24637","+37.0610824","-081.7138941",VA
"24639","+37.1603744","-081.8882023",VA
"24641","+37.1118131","-081.8024456",VA
"24646","+37.1448207","-082.0242089",VA
"24649","+37.0629998","-081.8994765",VA
"24651","+37.0755285","-081.5030947",VA
"22949","+37.7890795","-078.8834397",VA
"22952","+37.9635622","-078.9627405",VA
"22958","+37.8927692","-078.8942920",VA
"22959","+37.9372753","-078.6565882",VA
"22960","+38.2191830","-078.0726982",VA
"22963","+37.8481044","-078.3051128",VA
"22964","+37.7319460","-078.9975848",VA
"20774","+38.8745319","-076.7741822",MD
"20776","+38.8723250","-076.5724290",MD
"20777","+39.1749380","-076.9690850",MD
"20778","+38.8286940","-076.5727050",MD
"20779","+38.7635998","-076.5733875",MD
"20781","+38.9528596","-076.9462896",MD
"22967","+37.7973054","-079.0140823",VA
"22968","+38.2406016","-078.4008877",VA
"20782","+38.9658747","-076.9660907",MD
"21550","+39.3893805","-079.3907446",MD
"21555","+39.5751402","-078.5625738",MD
"21557","+39.5362330","-078.9227902",MD
"21561","+39.4915887","-079.1944006",MD
"21562","+39.5138510","-079.0393801",MD
"20601","+38.6133720","-076.8516122",MD
"20602","+38.5832476","-076.8947026",MD
"20603","+38.6303898","-076.9765834",MD
"20606","+38.2630457","-076.7373090",MD
"20607","+38.6726657","-077.0185489",MD
"20608","+38.5824048","-076.7009977",MD
"20609","+38.2700115","-076.7677468",MD
"20611","+38.4578134","-076.9751184",MD
"21601","+38.7941980","-076.0810369",MD
"21607","+39.1327137","-075.8542068",MD
"21610","+39.3671153","-076.0724960",MD
"21612","+38.7515127","-076.2754258",MD
"21613","+38.5027890","-076.0788747",MD
"21617","+39.0493575","-076.0445450",MD
"20612","+38.5050595","-076.6772096",MD
"20613","+38.6711682","-076.8053038",MD
"20615","+38.4114330","-076.5488030",MD
"20616","+38.6619481","-077.0984582",MD
"20617","+38.5438412","-076.8525113",MD
"20618","+38.2864380","-076.7830711",MD
"20619","+38.2925310","-076.5276622",MD
"20620","+38.2339176","-076.5289318",MD
"20621","+38.3261496","-076.8010545",MD
"20622","+38.4032056","-076.9383161",MD
"21619","+38.9424469","-076.2657424",MD
"21620","+39.2001765","-076.0979123",MD
"21622","+38.4144653","-076.1592528",MD
"21623","+39.1240349","-075.9667479",MD
"21624","+38.8446734","-076.2698912",MD
"21625","+38.8732125","-075.9960303",MD
"21626","+38.3413588","-076.0983606",MD
"21627","+38.2331142","-076.0464042",MD
"21628","+39.2331736","-075.9220485",MD
"21629","+38.8586716","-075.8250789",MD
"21631","+38.5823914","-075.9389815",MD
"21632","+38.7313980","-075.7724278",MD
"23223","+37.5577672","-077.3788861",VA
"21634","+38.2921635","-076.1991530",MD
"21635","+39.3347913","-075.8466243",MD
"21636","+39.0252915","-075.8028056",MD
"21638","+38.9402014","-076.2076043",MD
"21639","+38.9587324","-075.7824989",MD
"21640","+39.0681413","-075.8209483",MD
"21641","+38.9179186","-075.9402133",MD
"21643","+38.6455822","-075.8698959",MD
"21644","+39.1124281","-075.8735212",MD
"21645","+39.3158186","-075.9561646",MD
"21647","+38.8123530","-076.2834530",MD
"21648","+38.4853564","-076.2393303",MD
"21649","+39.1328931","-075.7706837",MD
"21650","+39.3143764","-075.8170230",MD
"21651","+39.2560846","-075.8515227",MD
"21652","+38.7031883","-076.2741350",MD
"21653","+38.7504640","-076.1797332",MD
"21654","+38.6889013","-076.1260399",MD
"21655","+38.7449676","-075.9127679",MD
"21657","+38.9687408","-075.9861621",MD
"20623","+38.7416148","-076.8424560",MD
"20624","+38.3380796","-076.7334994",MD
"20625","+38.2624754","-076.8474216",MD
"20626","+38.2304668","-076.7705957",MD
"20628","+38.1529982","-076.3398589",MD
"20629","+38.3364536","-076.4503622",MD
"20630","+38.1642773","-076.4757738",MD
"20632","+38.4327994","-076.9579926",MD
"20634","+38.2815035","-076.5247535",MD
"20636","+38.3521408","-076.5671865",MD
"23224","+37.4976025","-077.4674294",VA
"23225","+37.5186235","-077.5129368",VA
"23226","+37.5799121","-077.5233466",VA
"23227","+37.6118118","-077.4358635",VA
"23228","+37.6266171","-077.4928340",VA
"23229","+37.5867719","-077.5741650",VA
"23230","+37.5866388","-077.4891223",VA
"21813","+38.4242052","-075.1616874",MD
"21814","+38.2930762","-075.8992961",MD
"21817","+37.9810248","-075.8360694",MD
"21821","+38.1645945","-075.9166595",MD
"21822","+38.2808127","-075.6360842",MD
"21824","+37.9807744","-076.0365460",MD
"21826","+38.3169503","-075.6264634",MD
"21829","+38.0976594","-075.3714559",MD
"21830","+38.3973628","-075.7347684",MD
"21835","+38.5318874","-075.9484585",MD
"21837","+38.4545856","-075.7662936",MD
"21838","+38.0179048","-075.7379202",MD
"21840","+38.2487356","-075.9000090",MD
"21841","+38.2469442","-075.2958060",MD
"21842","+38.3505358","-075.1288798",MD
"21849","+38.3773478","-075.4621177",MD
"21850","+38.3617305","-075.3970777",MD
"21851","+38.0798694","-075.5424444",MD
"21853","+38.2035399","-075.7208873",MD
"21856","+38.3307295","-075.7948849",MD
"21861","+38.5364401","-075.7273519",MD
"21862","+38.3980538","-075.2261421",MD
"21863","+38.1879128","-075.3990414",MD
"21864","+38.0315721","-075.4058124",MD
"21865","+38.2873380","-075.8411794",MD
"21866","+37.9671275","-076.0213655",MD
"21867","+38.1096653","-075.7936777",MD
"21869","+38.4382266","-075.8962678",MD
"21871","+38.0937850","-075.7356876",MD
"21872","+38.4151309","-075.2992602",MD
"23231","+37.4422038","-077.3149313",VA
"23233","+37.6464315","-077.6242350",VA
"23234","+37.4514229","-077.4706596",VA
"23235","+37.5145703","-077.5647584",VA
"23236","+37.4758100","-077.5852849",VA
"23237","+37.4008781","-077.4490543",VA
"23238","+37.5956122","-077.6476056",VA
"21874","+38.3912832","-075.3519646",MD
"21875","+38.4399986","-075.5446952",MD
"21890","+38.1573168","-075.7043434",MD
"21901","+39.5854034","-075.9589639",MD
"21902","+39.5519707","-076.0631474",MD
"21903","+39.5734384","-076.0390619",MD
"21904","+39.6154896","-076.0679877",MD
"21911","+39.6952961","-076.0322761",MD
"21913","+39.4045089","-075.8676095",MD
"21914","+39.5723444","-075.9786874",MD
"21915","+39.4961474","-075.8481678",MD
"21916","+39.6412883","-075.8615620",MD
"21917","+39.6716320","-076.0973973",MD
"21918","+39.6781944","-076.1758883",MD
"21919","+39.4185535","-075.9337090",MD
"21920","+39.6574976","-075.8283258",MD
"21921","+39.6271448","-075.8598906",MD
"21930","+39.3756595","-075.8879926",MD
"20783","+38.9970672","-076.9667831",MD
"20784","+38.9505489","-076.8917198",MD
"23250","+37.5046602","-077.3208596",VA
"23294","+37.6312809","-077.5425342",VA
"23301","+37.6812586","-075.6334638",VA
"23302","+37.8656700","-075.5209149",VA
"23303","+37.9113546","-075.5049716",VA
"23304","+36.9961346","-076.5721070",VA
"22309","+38.7190634","-077.1071042",VA
"22310","+38.7846558","-077.1221815",VA
"22311","+38.8339909","-077.1255106",VA
"22312","+38.8157890","-077.1542714",VA
"22314","+38.8068534","-077.0563741",VA
"22315","+38.7583351","-077.1512016",VA
"22401","+38.2992718","-077.4866583",VA
"22405","+38.3136039","-077.4039276",VA
"22406","+38.3997214","-077.5467295",VA
"20105","+38.9531689","-077.6035937",VA
"20106","+38.6993465","-078.0022087",VA
"23824","+37.0855807","-077.9721799",VA
"23827","+36.6123130","-077.1968785",VA
"23828","+36.5808535","-077.2669334",VA
"23829","+36.7326703","-077.2173507",VA
"23830","+37.0169609","-077.3950567",VA
"22407","+38.2834738","-077.5756842",VA
"22408","+38.2202711","-077.4436533",VA
"22427","+38.0931457","-077.2711221",VA
"22432","+37.8695242","-076.3423471",VA
"24137","+36.9275521","-079.6575042",VA
"24138","+37.0428959","-080.3063329",VA
"24139","+37.0131660","-079.4810726",VA
"24141","+37.0954468","-080.5704770",VA
"24142","+37.1379554","-080.5509012",VA
"24147","+37.4015099","-080.8236261",VA
"24149","+37.0185816","-080.4335808",VA
"24150","+37.3807076","-080.6255572",VA
"24151","+36.9540215","-079.8652000",VA
"24153","+37.3025065","-080.1143247",VA
"24161","+36.9780846","-079.5291131",VA
"24162","+37.1294494","-080.2497147",VA
"24165","+36.5848971","-080.0519238",VA
"24167","+37.2552586","-080.7245357",VA
"23831","+37.3462529","-077.4505657",VA
"23832","+37.3878505","-077.5921083",VA
"23833","+37.2094286","-077.6689167",VA
"23834","+37.2905835","-077.4041118",VA
"23836","+37.3452265","-077.3467425",VA
"20109","+38.7936407","-077.5310242",VA
"24168","+36.7347528","-079.9464560",VA
"24174","+37.3517157","-079.6730947",VA
"24175","+37.4279964","-079.9396875",VA
"24176","+37.0055454","-079.6924954",VA
"24179","+37.2855646","-079.8098351",VA
"24184","+37.0885426","-079.7792428",VA
"24185","+36.8115922","-080.2692378",VA
"24201","+36.6107145","-082.1700495",VA
"24202","+36.6563096","-082.2122194",VA
"24210","+36.7689352","-082.0275306",VA
"24211","+36.6540880","-081.9550695",VA
"24217","+37.0848418","-082.1785403",VA
"24219","+36.8492658","-082.7585324",VA
"24220","+37.1372980","-082.2401816",VA
"24221","+36.6253122","-082.9987598",VA
"24224","+36.8614307","-082.2717544",VA
"24225","+36.9917152","-082.1418508",VA
"24226","+37.1369020","-082.3229888",VA
"24228","+37.1668622","-082.4562569",VA
"24230","+36.9562986","-082.4544198",VA
"24236","+36.6523621","-081.7476632",VA
"24237","+37.0361589","-082.2619430",VA
"24239","+37.1182088","-082.1474057",VA
"24243","+36.7730578","-082.9260157",VA
"24244","+36.7239578","-082.7820740",VA
"24245","+36.8380106","-082.5128020",VA
"23651","+37.0057106","-076.3053891",VA
"23661","+37.0093013","-076.3861765",VA
"23662","+37.1333191","-076.3530270",VA
"23663","+37.0322920","-076.3136460",VA
"23837","+36.7495828","-077.0841524",VA
"23838","+37.3192097","-077.6331662",VA
"23839","+37.0798153","-076.9206176",VA
"23840","+37.0653246","-077.6660085",VA
"23841","+37.0480417","-077.5439370",VA
"23842","+37.1316851","-077.2219489",VA
"23843","+36.8451501","-077.8224470",VA
"23844","+36.6800321","-077.3265251",VA
"23845","+36.5788225","-077.9775610",VA
"23846","+37.0666025","-076.8340195",VA
"24246","+36.8665047","-082.7455733",VA
"24248","+36.6257105","-083.5144247",VA
"24250","+36.7567329","-082.5965255",VA
"24251","+36.6571470","-082.5994144",VA
"24256","+37.2159002","-082.2867410",VA
"24258","+36.6453719","-082.4220377",VA
"24260","+37.0307509","-082.0150223",VA
"24263","+36.6682264","-083.1473986",VA
"24265","+36.8326628","-082.9464606",VA
"24266","+36.8587535","-082.1209648",VA
"24269","+37.0727716","-082.3806793",VA
"24270","+36.7296102","-082.2506732",VA
"24271","+36.7488134","-082.4171872",VA
"24272","+37.0139069","-082.3147782",VA
"24273","+36.9647011","-082.6614797",VA
"24277","+36.7447924","-083.0385184",VA
"24279","+37.0777354","-082.6273934",VA
"24280","+36.9560770","-081.9233146",VA
"24281","+36.6373227","-083.3402258",VA
"24282","+36.8187612","-083.0543104",VA
"24283","+36.9397821","-082.3329394",VA
"24290","+36.6127007","-082.5679402",VA
"24292","+36.6176911","-081.5781359",VA
"24293","+37.0043445","-082.5508145",VA
"24301","+37.0650303","-080.8182667",VA
"24311","+36.8742025","-081.4220038",VA
"24312","+36.8330145","-080.8870182",VA
"24313","+36.9095351","-080.8199408",VA
"24314","+37.1572441","-081.2104137",VA
"24315","+37.1336312","-081.0632290",VA
"24316","+36.9557053","-081.6689881",VA
"24317","+36.6011657","-080.6713475",VA
"24318","+36.9959580","-081.3871242",VA
"24319","+36.7437634","-081.6458323",VA
"24322","+36.7990141","-081.1136621",VA
"24323","+36.8662541","-081.1863961",VA
"24324","+36.9741119","-080.7764783",VA
"24325","+36.7954135","-080.6016025",VA
"24326","+36.7298448","-081.2021993",VA
"23664","+37.0783744","-076.2898246",VA
"23665","+37.0839178","-076.3601253",VA
"23666","+37.0581410","-076.4066461",VA
"23847","+36.6702579","-077.5502530",VA
"23850","+37.1997097","-077.8008271",VA
"23851","+36.6558478","-076.9508406",VA
"23856","+36.7840094","-077.7023473",VA
"23860","+37.2747493","-077.2274072",VA
"21157","+39.5485690","-076.9835578",MD
"21158","+39.6537173","-077.0351268",MD
"21160","+39.7002496","-076.3065430",MD
"21161","+39.6599027","-076.5650601",MD
"21162","+39.3901158","-076.4055821",MD
"21163","+39.3375267","-076.8482467",MD
"21201","+39.2948203","-076.6222198",MD
"21202","+39.2965258","-076.6070163",MD
"21204","+39.4022677","-076.6322953",MD
"24328","+36.6453563","-080.7008362",VA
"24330","+36.7257978","-081.0206877",VA
"24340","+36.7532515","-081.7679039",VA
"24343","+36.7704523","-080.6909202",VA
"24347","+36.9608713","-080.6524709",VA
"24350","+36.8133007","-080.9941822",VA
"24352","+36.7090113","-080.5311932",VA
"24354","+36.8293570","-081.5397023",VA
"24360","+36.9332755","-080.8975650",VA
"24361","+36.7673358","-081.8449599",VA
"24366","+37.2594823","-081.1185831",VA
"24368","+36.8880295","-081.3024918",VA
"23669","+37.0503110","-076.3428140",VA
"23690","+37.2224005","-076.5171038",VA
"23691","+37.2552532","-076.5494180",VA
"23692","+37.1924375","-076.4635820",VA
"23693","+37.1230658","-076.4471287",VA
"23866","+36.9236757","-076.8624013",VA
"23867","+36.8166017","-077.4816240",VA
"23868","+36.7220086","-077.8173806",VA
"23872","+36.9877445","-077.7185661",VA
"21205","+39.3022903","-076.5644838",MD
"21206","+39.3384283","-076.5388766",MD
"21207","+39.3241672","-076.7194841",MD
"21208","+39.3864250","-076.7211463",MD
"21209","+39.3731913","-076.6700026",MD
"21210","+39.3591561","-076.6326854",MD
"21211","+39.3298170","-076.6394081",MD
"21212","+39.3685612","-076.6148978",MD
"21678","+39.3091625","-076.0987932",MD
"21679","+38.9204782","-076.0941153",MD
"23696","+37.1891188","-076.4210785",VA
"23701","+36.8137080","-076.3703400",VA
"23702","+36.7990474","-076.3289773",VA
"23703","+36.8933388","-076.3732917",VA
"23874","+36.6089556","-077.0857129",VA
"23875","+37.2213954","-077.2704967",VA
"23876","+36.9557526","-077.8336100",VA
"23878","+36.8247715","-077.0254321",VA
"21701","+39.4435960","-077.3328943",MD
"21702","+39.4791375","-077.4429856",MD
"21703","+39.3670313","-077.4734816",MD
"21704","+39.3548835","-077.3759023",MD
"21705","+39.4088600","-077.4100075",MD
"21710","+39.3079958","-077.4320085",MD
"21711","+39.6683956","-078.0195689",MD
"21713","+39.5296865","-077.6756778",MD
"21714","+39.4192972","-077.5044184",MD
"21716","+39.3144530","-077.6200192",MD
"21717","+39.3386679","-077.4370405",MD
"21718","+39.3934968","-077.6277883",MD
"21719","+39.7079560","-077.4942279",MD
"21722","+39.6620839","-077.9198471",MD
"23704","+36.8241875","-076.3101608",VA
"23707","+36.8423008","-076.3396284",VA
"23708","+36.8495287","-076.3051576",VA
"23709","+36.8127515","-076.3054575",VA
"23801","+37.2353823","-077.3352764",VA
"21723","+39.3291066","-077.0026109",MD
"21727","+39.6886152","-077.3292810",MD
"21733","+39.5493032","-077.7584871",MD
"21734","+39.6078172","-077.7078354",MD
"21737","+39.2482599","-077.0271246",MD
"21738","+39.2798437","-077.0267063",MD
"21740","+39.6319007","-077.7438858",MD
"21742","+39.6782193","-077.6527202",MD
"21746","+39.5650640","-077.7114673",MD
"21750","+39.6622623","-078.2359748",MD
"23803","+37.2092772","-077.4972384",VA
"23805","+37.1385441","-077.4034749",VA
"23806","+37.2386131","-077.4182385",VA
"23821","+36.8832000","-077.9129439",VA
"21754","+39.3321139","-077.3162130",MD
"21755","+39.3596546","-077.5681276",MD
"21756","+39.4627687","-077.7040403",MD
"21757","+39.5938612","-077.2581391",MD
"21758","+39.3532047","-077.6568133",MD
"21762","+39.4808299","-077.2470888",MD
"21766","+39.6704707","-078.3878895",MD
"21767","+39.6971316","-077.7474728",MD
"21769","+39.4424641","-077.5689083",MD
"21770","+39.3501894","-077.2562401",MD
"20733","+38.8056527","-076.5322289",MD
"23930","+37.1710031","-078.0996114",VA
"23934","+37.1771518","-078.6267052",VA
"23936","+37.5325184","-078.4792442",VA
"23937","+36.9451415","-078.5125030",VA
"20653","+38.2371529","-076.4286515",MD
"20657","+38.3797571","-076.4428828",MD
"20658","+38.5605275","-077.1605937",MD
"20659","+38.4186666","-076.7324230",MD
"20660","+38.3702194","-076.7066265",MD
"20662","+38.4285071","-077.2053249",MD
"21771","+39.3946315","-077.1640213",MD
"21773","+39.5426551","-077.5515428",MD
"21774","+39.4103313","-077.2687519",MD
"21776","+39.5180058","-077.0997095",MD
"21777","+39.2713103","-077.5193762",MD
"21778","+39.6158060","-077.3284210",MD
"21779","+39.4268194","-077.6516346",MD
"21780","+39.6774173","-077.4655819",MD
"21781","+39.5710735","-077.7596484",MD
"21782","+39.4568257","-077.7623690",MD
"21783","+39.6518413","-077.5535734",MD
"21784","+39.4010843","-076.9737360",MD
"21787","+39.6776295","-077.1725906",MD
"21788","+39.5899788","-077.4138613",MD
"21790","+39.2608647","-077.4849014",MD
"21791","+39.5330532","-077.1885604",MD
"21793","+39.4936178","-077.3441217",MD
"21794","+39.2984216","-076.9661289",MD
"20735","+38.7509174","-076.9026690",MD
"20736","+38.6890747","-076.6277650",MD
"20737","+38.9642651","-076.9135381",MD
"20740","+39.0027447","-076.9317210",MD
"20742","+38.9896188","-076.9456954",MD
"20664","+38.3545872","-076.9254192",MD
"20667","+38.2152365","-076.4477560",MD
"20670","+38.2848482","-076.4076612",MD
"20674","+38.1347969","-076.5035484",MD
"20675","+38.5809280","-077.0224854",MD
"20676","+38.4932075","-076.5412347",MD
"20677","+38.4952535","-077.0367172",MD
"21795","+39.5806089","-077.8236976",MD
"21797","+39.3281830","-077.0714114",MD
"21798","+39.5363716","-077.3020238",MD
"21801","+38.3800726","-075.6370398",MD
"21802","+38.3447709","-075.5826964",MD
"20743","+38.8842300","-076.8933168",MD
"20744","+38.7583225","-076.9840437",MD
"20745","+38.8068882","-076.9951895",MD
"20746","+38.8364025","-076.9182650",MD
"24073","+37.1347360","-080.4231577",VA
"24077","+37.3662113","-079.9040218",VA
"24078","+36.7211708","-079.8995910",VA
"24079","+37.0566271","-080.1609425",VA
"24082","+36.6200856","-080.1165231",VA
"24083","+37.4051710","-079.9201884",VA
"24084","+37.1279592","-080.8458816",VA
"24085","+37.6793714","-079.8215482",VA
"20678","+38.5228202","-076.6013500",MD
"20680","+38.1091301","-076.3858857",MD
"20684","+38.1361427","-076.4101640",MD
"20685","+38.4343784","-076.5286813",MD
"20686","+38.1780036","-076.4295743",MD
"20687","+38.0636978","-076.3396891",MD
"20688","+38.3272586","-076.4643239",MD
"20689","+38.6629535","-076.5793751",MD
"20690","+38.1581474","-076.5348822",MD
"20692","+38.1745194","-076.4969380",MD
"20693","+38.4570678","-077.0895810",MD
"20695","+38.5914917","-076.9707842",MD
"20701","+39.1255630","-076.7854361",MD
"20705","+39.0494232","-076.9003618",MD
"24656","+37.1750551","-082.1249941",VA
"24657","+37.2265148","-081.8567819",VA
"20747","+38.8549910","-076.8833125",MD
"20748","+38.8148678","-076.9334470",MD
"20751","+38.7944370","-076.5611986",MD
"20754","+38.7305815","-076.6471543",MD
"20755","+39.1077832","-076.7471956",MD
"20758","+38.7333707","-076.5931483",MD
"20759","+39.1539772","-076.9311719",MD
"20706","+38.9658805","-076.8510916",MD
"20707","+39.0991696","-076.8797860",MD
"20708","+39.0481729","-076.8240359",MD
"20710","+38.9423683","-076.9259104",MD
"20711","+38.8010585","-076.6451073",MD
"20712","+38.9423613","-076.9645782",MD
"20714","+38.7224573","-076.5328125",MD
"21804","+38.3140818","-075.5321062",MD
"21810","+38.2996571","-075.7069823",MD
"20762","+38.8098033","-076.8691578",MD
"20763","+39.1352599","-076.8204367",MD
"20764","+38.8319382","-076.5043142",MD
"20765","+38.8419343","-076.5440441",MD
"20769","+38.9966705","-076.8186516",MD
"20770","+39.0029852","-076.8791652",MD
"24086","+37.2755801","-080.6322461",VA
"24087","+37.2215110","-080.2389299",VA
"24088","+36.8879040","-080.0779270",VA
"24089","+36.7085181","-079.9715550",VA
"24090","+37.5216988","-079.8865531",VA
"24091","+36.9199483","-080.3305254",VA
"24092","+37.0120306","-079.7578509",VA
"24093","+37.3838389","-080.8596194",VA
"24095","+37.2232104","-079.7372676",VA
"24101","+37.1735553","-079.7963867",VA
"24102","+36.8444038","-080.0022714",VA
"24104","+37.1336105","-079.4886351",VA
"24105","+36.9115772","-080.6036870",VA
"24112","+36.7211703","-079.8469270",VA
"24120","+36.6916357","-080.4139166",VA
"24121","+37.1689161","-079.6474107",VA
"24122","+37.4261973","-079.6921298",VA
"24124","+37.3163200","-080.8575381",VA
"24127","+37.4736031","-080.2310507",VA
"24128","+37.3399943","-080.4825443",VA
"24130","+37.6097377","-080.0024085",VA
"24131","+37.5706488","-080.2328696",VA
"24132","+37.2037760","-080.6592469",VA
"24133","+36.6697020","-080.1344305",VA
"24134","+37.2479233","-080.7775607",VA
"24136","+37.3317935","-080.6015980",VA
"20715","+38.9893926","-076.7413308",MD
"20716","+38.9264277","-076.7150280",MD
"20720","+38.9829702","-076.7858193",MD
"20772","+38.7802744","-076.7669897",MD
"20721","+38.9152216","-076.7851292",MD
"20722","+38.9345568","-076.9505961",MD
"20723","+39.1376783","-076.8679423",MD
"20724","+39.1010771","-076.8040031",MD
"20732","+38.6551400","-076.5425708",MD
"23510","+36.8524145","-076.2914801",VA
"23511","+36.9122319","-076.3258051",VA
"23513","+36.8897138","-076.2388601",VA
"22015","+38.7876940","-077.2787694",VA
"22025","+38.5977284","-077.3394584",VA
"22026","+38.5600407","-077.2962139",VA
"22027","+38.8948532","-077.2230482",VA
"22030","+38.8371855","-077.3404797",VA
"23517","+36.8696787","-076.2925691",VA
"23518","+36.9161180","-076.2153752",VA
"23523","+36.8323892","-076.2720822",VA
"23551","+36.9240481","-076.2886245",VA
"23601","+37.0378555","-076.4798088",VA
"22031","+38.8589199","-077.2602730",VA
"22032","+38.8214032","-077.2853096",VA
"22033","+38.8752183","-077.3847133",VA
"22035","+38.8547254","-077.3569829",VA
"22039","+38.7559630","-077.3141721",VA
"22041","+38.8493213","-077.1414717",VA
"22042","+38.8650238","-077.1971250",VA
"22043","+38.9008578","-077.1958796",VA
"22044","+38.8620439","-077.1543717",VA
"23306","+37.5610703","-075.8720259",VA
"23307","+37.4320389","-075.8711570",VA
"23308","+37.8386247","-075.6601238",VA
"23602","+37.1134155","-076.5179465",VA
"23603","+37.1910568","-076.5645354",VA
"23604","+37.1050260","-076.5747918",VA
"23605","+37.0186703","-076.4367018",VA
"23606","+37.0644080","-076.5216379",VA
"23607","+36.9705147","-076.4243390",VA
"22046","+38.8871477","-077.1823879",VA
"22060","+38.6993531","-077.1574972",VA
"22066","+39.0123574","-077.3019419",VA
"22730","+38.3744228","-078.1584603",VA
"22731","+38.3365642","-078.2573310",VA
"22732","+38.3146304","-078.1898840",VA
"22733","+38.3332604","-078.0461454",VA
"22734","+38.5261894","-077.7945632",VA
"22735","+38.4768977","-078.1742262",VA
"23310","+37.2589932","-075.9636574",VA
"23313","+37.1997304","-075.9456350",VA
"23314","+36.9590485","-076.5242797",VA
"23315","+36.7373896","-076.8405111",VA
"23316","+37.3031232","-075.9929641",VA
"23320","+36.7622883","-076.2116495",VA
"23321","+36.8003977","-076.4211521",VA
"23322","+36.6187123","-076.2270459",VA
"23323","+36.6969746","-076.3799246",VA
"22736","+38.3981652","-077.7045670",VA
"22737","+38.5810551","-078.0140400",VA
"22738","+38.2939307","-078.2809313",VA
"22740","+38.6456898","-078.2869532",VA
"22741","+38.4264433","-077.8683888",VA
"22742","+38.4663324","-077.7150723",VA
"22743","+38.5400396","-078.3814119",VA
"22747","+38.7090557","-078.1656739",VA
"22749","+38.6196553","-078.1802355",VA
"22801","+38.4035747","-078.8743279",VA
"22802","+38.4944890","-078.8631597",VA
"22807","+38.4339695","-078.8678703",VA
"22810","+38.8270907","-078.7965342",VA
"22811","+38.8110971","-078.9915210",VA
"22812","+38.3780766","-079.0271700",VA
"22815","+38.6085450","-078.8900942",VA
"22820","+38.7048362","-079.0190481",VA
"22821","+38.4806257","-079.1286419",VA
"22824","+38.8360744","-078.6318220",VA
"23324","+36.7997207","-076.2734466",VA
"23325","+36.8145478","-076.2384291",VA
"23336","+37.9546055","-075.3345219",VA
"23337","+37.9304113","-075.4860912",VA
"23347","+37.3392027","-075.9782567",VA
"23350","+37.5127051","-075.8625926",VA
"23354","+37.4628612","-075.9122473",VA
"23356","+37.9907903","-075.3824046",VA
"23357","+37.7556459","-075.6760277",VA
"23358","+37.6526594","-075.8679531",VA
"22827","+38.4106926","-078.5964403",VA
"22830","+38.6672442","-078.9750232",VA
"22831","+38.5765015","-079.0762423",VA
"22832","+38.4549155","-078.7597024",VA
"22834","+38.5592559","-078.8600458",VA
"22835","+38.6699630","-078.4536885",VA
"22840","+38.3418100","-078.8053229",VA
"22841","+38.3417933","-078.8924892",VA
"22842","+38.7780483","-078.6996608",VA
"22843","+38.3871058","-079.1426488",VA
"22844","+38.6615609","-078.6581188",VA
"22845","+38.7863319","-078.8164001",VA
"22846","+38.3893455","-078.7862424",VA
"22847","+38.7306366","-078.7173845",VA
"23359","+37.8849467","-075.5879820",VA
"23389","+37.6605134","-075.8347776",VA
"23395","+37.9763040","-075.4605896",VA
"23398","+37.5161278","-075.9440715",VA
"23401","+37.6274921","-075.7793963",VA
"23405","+37.4117238","-075.9265971",VA
"23407","+37.8452406","-075.5672675",VA
"23408","+37.4529132","-075.8434745",VA
"23409","+37.8876208","-075.6629073",VA
"23410","+37.6378371","-075.7369095",VA
"23413","+37.4728526","-075.8577630",VA
"23414","+37.8068144","-075.5798969",VA
"23415","+37.9695531","-075.5347034",VA
"23416","+37.9337682","-075.5633514",VA
"23417","+37.7590523","-075.7838152",VA
"23418","+37.6668678","-075.6871624",VA
"23420","+37.5990703","-075.8174824",VA
"23421","+37.7647804","-075.6117685",VA
"23422","+37.6353891","-075.8227349",VA
"23423","+37.5253010","-075.7143096",VA
"23426","+37.9241024","-075.6895410",VA
"23427","+37.9389292","-075.7205381",VA
"23430","+37.0012605","-076.6559316",VA
"23432","+36.8764522","-076.5539782",VA
"22849","+38.5253240","-078.6296265",VA
"22850","+38.5597924","-078.9263944",VA
"22851","+38.5630530","-078.5129070",VA
"22853","+38.6517046","-078.7587080",VA
"22901","+38.0877052","-078.5527443",VA
"22902","+37.9080445","-078.4041962",VA
"22903","+38.0069719","-078.5950604",VA
"22904","+38.0319568","-078.5240299",VA
"22911","+38.0970050","-078.4101473",VA
"22920","+37.9687137","-078.8055392",VA
"22922","+37.6937010","-078.9217651",VA
"22923","+38.1893129","-078.3166801",VA
"22931","+37.8989308","-078.7274293",VA
"22932","+38.1475075","-078.6964576",VA
"22935","+38.2539615","-078.5626563",VA
"22936","+38.1599975","-078.4991279",VA
"23433","+36.9180686","-076.4628633",VA
"22937","+37.7972289","-078.6192074",VA
"22938","+37.8658617","-078.7945266",VA
"22939","+38.1057788","-078.9740314",VA
"22940","+38.2857235","-078.6401718",VA
"22942","+38.1014433","-078.2021293",VA
"22943","+38.0401715","-078.7783426",VA
"22946","+37.8585854","-078.5713825",VA
"22947","+38.0439888","-078.3247215",VA
"22948","+38.3631650","-078.1289678",VA
"23062","+37.2629311","-076.5074888",VA
"23063","+37.7125533","-078.0061301",VA
"23064","+37.4967316","-076.3002891",VA
"23065","+37.8059585","-077.9324280",VA
"23066","+37.4956382","-076.2865848",VA
"23068","+37.5006862","-076.3351390",VA
"23069","+37.7715371","-077.3223772",VA
"23070","+37.5523031","-076.3890067",VA
"23071","+37.5453769","-076.4487923",VA
"23072","+37.2904437","-076.4477899",VA
"23075","+37.5582147","-077.3168772",VA
"23076","+37.4783764","-076.3003416",VA
"23079","+37.7168839","-076.6747405",VA
"23083","+37.3080388","-078.1173289",VA
"23084","+37.8849311","-078.1150468",VA
"22079","+38.6746055","-077.2097393",VA
"22101","+38.9402029","-077.1648824",VA
"22102","+38.9509510","-077.2295525",VA
"22124","+38.8948706","-077.3295147",VA
"22125","+38.6817290","-077.2618611",VA
"22134","+38.5217007","-077.3850527",VA
"22150","+38.7728635","-077.1865229",VA
"22151","+38.8040933","-077.2078041",VA
"22152","+38.7744932","-077.2320292",VA
"22153","+38.7449686","-077.2356400",VA
"22172","+38.5648466","-077.3712903",VA
"22180","+38.8954393","-077.2561334",VA
"22181","+38.9066515","-077.2933878",VA
"22182","+38.9384211","-077.2755203",VA
"22185","+38.8746046","-077.3040290",VA
"22191","+38.6229139","-077.2629379",VA
"22192","+38.6836989","-077.3146732",VA
"22193","+38.6440651","-077.3505450",VA
"22201","+38.8865659","-077.0952401",VA
"22202","+38.8568537","-077.0514952",VA
"22203","+38.8737290","-077.1172729",VA
"23187","+37.2688556","-076.7209413",VA
"23188","+37.3429358","-076.7638533",VA
"23192","+37.8203633","-077.6808141",VA
"23219","+37.5397686","-077.4355280",VA
"23220","+37.5493491","-077.4606059",VA
"23221","+37.5533062","-077.4935583",VA
"23222","+37.5829684","-077.4189072",VA
"22204","+38.8607880","-077.0989551",VA
"21037","+38.9192535","-076.5434919",MD
"21040","+39.4366269","-076.2897571",MD
"21042","+39.2771813","-076.8946024",MD
"21043","+39.2558362","-076.8014909",MD
"21044","+39.2052742","-076.8787373",MD
"21045","+39.2060417","-076.8282341",MD
"20001","+38.9103532","-077.0177386",DC
"20002","+38.9050256","-076.9836072",DC
"20003","+38.8818400","-076.9909398",DC
"21046","+39.1731159","-076.8420282",MD
"21047","+39.5213825","-076.4387844",MD
"21048","+39.4881251","-076.9150748",MD
"21050","+39.5853432","-076.3921644",MD
"21051","+39.4726914","-076.4558413",MD
"21052","+39.2055764","-076.4470666",MD
"21053","+39.6967919","-076.7146718",MD
"21054","+39.0480084","-076.7266329",MD
"21056","+39.0729414","-076.4285576",MD
"21057","+39.4487491","-076.5124737",MD
"20004","+38.8948852","-077.0286384",DC
"20005","+38.9046738","-077.0315776",DC
"20006","+38.8986085","-077.0414613",DC
"20007","+38.9143628","-077.0793392",DC
"20008","+38.9362376","-077.0599814",DC
"20009","+38.9191435","-077.0373808",DC
"20010","+38.9333665","-077.0303116",DC
"20011","+38.9525135","-077.0229909",DC
"20012","+38.9768729","-077.0326088",DC
"20015","+38.9668893","-077.0583229",DC
"21060","+39.1736398","-076.5776418",MD
"21061","+39.1619425","-076.6294436",MD
"21071","+39.4816575","-076.8109547",MD
"21074","+39.6216007","-076.8399277",MD
"21075","+39.2030827","-076.7507208",MD
"21076","+39.1685159","-076.7163512",MD
"20016","+38.9369297","-077.0900144",DC
"20017","+38.9384604","-076.9931625",DC
"20018","+38.9265762","-076.9744461",DC
"20019","+38.8914117","-076.9435754",DC
"21077","+39.1561359","-076.6976896",MD
"21078","+39.5592292","-076.1412483",MD
"21082","+39.4781115","-076.4734718",MD
"21084","+39.6135609","-076.4664414",MD
"21085","+39.4458801","-076.3570152",MD
"21087","+39.4493138","-076.4132403",MD
"21090","+39.2084800","-076.6725347",MD
"21093","+39.4391399","-076.6409501",MD
"21102","+39.6828343","-076.8505383",MD
"21104","+39.3469035","-076.9127573",MD
"21105","+39.7139457","-076.6512811",MD
"21108","+39.0903071","-076.6212634",MD
"21111","+39.5755353","-076.5896910",MD
"21113","+39.0535716","-076.7165772",MD
"21114","+39.0096257","-076.6842295",MD
"21117","+39.4275691","-076.7757593",MD
"21120","+39.6462041","-076.6748540",MD
"21122","+39.1208384","-076.4948271",MD
"21128","+39.4079473","-076.4482933",MD
"21130","+39.4773205","-076.1941813",MD
"21131","+39.5044922","-076.5891955",MD
"21132","+39.6946992","-076.4404051",MD
"21133","+39.3743853","-076.8117696",MD
"21136","+39.4837841","-076.7942077",MD
"21140","+38.9483001","-076.5790165",MD
"21144","+39.1209163","-076.6773210",MD
"21146","+39.0791362","-076.5586985",MD
"20020","+38.8604156","-076.9789332",DC
"20024","+38.8761223","-077.0253741",DC
"20032","+38.8337188","-077.0065907",DC
"20637","+38.5251120","-076.7559887",MD
"21152","+39.5410530","-076.6798931",MD
"21153","+39.4178440","-076.7005203",MD
"21154","+39.6574489","-076.3604752",MD
"21155","+39.5736188","-076.8060792",MD
"21156","+39.4372080","-076.3964858",MD
"20639","+38.6012434","-076.6054765",MD
"20640","+38.5227808","-077.2539601",MD
"20645","+38.2942415","-076.9110960",MD
"20646","+38.5242749","-077.0006598",MD
"20650","+38.2686537","-076.6331574",MD
"21213","+39.3150310","-076.5774287",MD
"21811","+38.3188766","-075.2167413",MD
"21214","+39.3517934","-076.5643999",MD
"21215","+39.3452409","-076.6835656",MD
"21216","+39.3105945","-076.6717168",MD
"21217","+39.3084728","-076.6391545",MD
"21218","+39.3301071","-076.6014512",MD
"21219","+39.2274589","-076.4433049",MD
"21220","+39.3472798","-076.3900797",MD
"24382","+36.9600158","-081.1013672",VA
"24401","+38.1343872","-079.0855635",VA
"24411","+38.1051278","-079.3112377",VA
"24412","+38.0537215","-079.8181361",VA
"24413","+38.5424536","-079.6002886",VA
"21221","+39.2892049","-076.4347699",MD
"21222","+39.2648400","-076.4925655",MD
"21223","+39.2829512","-076.6538772",MD
"24415","+37.9249995","-079.3170528",VA
"24416","+37.7224969","-079.3608638",VA
"24421","+38.2446506","-079.2451453",VA
"24422","+37.8305044","-079.7595019",VA
"24426","+37.7651331","-080.0838212",VA
"24430","+38.0869587","-079.3557985",VA
"24431","+38.1700357","-078.8428853",VA
"24432","+38.1480625","-079.4433596",VA
"24433","+38.4300013","-079.5016880",VA
"24435","+37.8726397","-079.3019376",VA
"24437","+38.2260686","-078.9392323",VA
"24439","+37.9938063","-079.4893058",VA
"24440","+37.9993571","-079.1654010",VA
"24441","+38.2260666","-078.8248730",VA
"24442","+38.3725299","-079.3846175",VA
"24445","+37.9446279","-079.8987401",VA
"24448","+37.7971102","-079.7885238",VA
"24450","+37.7789930","-079.5265781",VA
"24457","+37.7630710","-079.9439024",VA
"24458","+38.3157471","-079.5274724",VA
"24459","+38.0170240","-079.2983723",VA
"24460","+38.0198801","-079.6564591",VA
"24464","+37.8749722","-079.0940708",VA
"24465","+38.3845648","-079.6477583",VA
"24467","+38.2549934","-078.9713232",VA
"24471","+38.3132097","-078.7841797",VA
"24472","+37.9411573","-079.2085679",VA
"21224","+39.2748602","-076.5428334",MD
"21225","+39.2261173","-076.6157349",MD
"21226","+39.2088881","-076.5629259",MD
"21227","+39.2399698","-076.6794498",MD
"21228","+39.2728571","-076.7477405",MD
"21229","+39.2842394","-076.6914035",MD
"21230","+39.2661273","-076.6238067",MD
"21231","+39.2872004","-076.5919534",MD
"21234","+39.3934171","-076.5342276",MD
"21236","+39.3884211","-076.4835503",MD
"21237","+39.3415368","-076.4952701",MD
"21239","+39.3670990","-076.5891708",MD
"21240","+39.1753320","-076.6732466",MD
"21244","+39.3349524","-076.7766157",MD
"21250","+39.2556105","-076.7111793",MD
"21251","+39.3447070","-076.5812420",MD
"21252","+39.3937895","-076.6078193",MD
"21286","+39.4118361","-076.5732346",MD
"21401","+38.9879414","-076.5527162",MD
"21402","+38.9866336","-076.4728498",MD
"20110","+38.7468077","-077.4826328",VA
"20111","+38.7489677","-077.4278735",VA
"20112","+38.6645714","-077.4293257",VA
"20115","+38.8099467","-077.9118412",VA
"20117","+38.9988218","-077.7339374",VA
"20118","+38.9683390","-077.7370047",VA
"20119","+38.6103900","-077.6216217",VA
"24370","+36.9114147","-081.6897895",VA
"24374","+36.7837818","-081.2203602",VA
"24375","+36.7689442","-081.3871437",VA
"24377","+37.0002689","-081.5746923",VA
"20120","+38.8520461","-077.4707143",VA
"20121","+38.8110335","-077.4629439",VA
"20124","+38.7813316","-077.3913325",VA
"20129","+39.1720992","-077.6011235",VA
"20130","+39.0394336","-077.9438929",VA
"20132","+39.1672105","-077.7205700",VA
"20136","+38.7394675","-077.5556353",VA
"20137","+38.8065790","-077.7224372",VA
"20139","+38.6556820","-077.6941590",VA
"20141","+39.1123904","-077.7907039",VA
"20143","+38.8574197","-077.5634766",VA
"20144","+38.9230177","-077.9469759",VA
"24378","+36.6866909","-081.4433670",VA
"24380","+36.8597010","-080.5087637",VA
"24381","+36.7299885","-080.8406546",VA
"23890","+37.0091762","-077.1183191",VA
"23891","+37.0508207","-077.2124289",VA
"23894","+37.1222070","-077.8208221",VA
"23897","+36.8290084","-077.2836154",VA
"23898","+36.8382634","-076.8618697",VA
"23899","+37.2344165","-076.9740830",VA
"20147","+39.0419474","-077.4781301",VA
"20148","+38.9964432","-077.5205450",VA
"20151","+38.8956245","-077.4464969",VA
"20152","+38.9194727","-077.5023600",VA
"20155","+38.8103748","-077.6193616",VA
"22433","+38.3670574","-077.8593858",VA
"22435","+37.9667908","-076.5721065",VA
"23901","+37.3209243","-078.4208922",VA
"23909","+37.3005843","-078.3966385",VA
"23915","+36.6931405","-078.2874184",VA
"23919","+36.5934091","-078.1311540",VA
"23920","+36.7245168","-077.9752528",VA
"23921","+37.5863211","-078.6235353",VA
"23922","+37.1855118","-078.2163847",VA
"23923","+37.0871484","-078.6496924",VA
"23924","+36.8065757","-078.4220304",VA
"22436","+37.9968728","-077.0230025",VA
"22437","+37.7803531","-076.8117673",VA
"22438","+38.0410221","-076.9807407",VA
"22443","+38.1695144","-076.9868049",VA
"22448","+38.3363097","-077.0284536",VA
"22454","+37.8440321","-076.8336459",VA
"22460","+37.8692825","-076.6073594",VA
"22469","+38.0822895","-076.6503079",VA
"22473","+37.8874755","-076.4207493",VA
"22476","+38.0510972","-077.0726225",VA
"22480","+37.6625531","-076.4122261",VA
"22482","+37.7356311","-076.3461134",VA
"22485","+38.2771799","-077.1626355",VA
"22488","+38.0494552","-076.5874807",VA
"22503","+37.7504735","-076.5153260",VA
"22504","+37.7689223","-076.7206844",VA
"22508","+38.3131871","-077.7984717",VA
"22509","+38.1205184","-077.0799492",VA
"22511","+37.9910946","-076.5039808",VA
"22514","+37.9918197","-077.4174326",VA
"22520","+38.1185828","-076.8124189",VA
"22529","+38.0115515","-076.6895483",VA
"22530","+37.8978263","-076.2930466",VA
"22534","+38.0772160","-077.6721050",VA
"22535","+38.1547526","-077.1625372",VA
"22538","+38.1921764","-077.2621837",VA
"22539","+37.8606130","-076.2860355",VA
"22542","+38.2935174","-077.8808632",VA
"22546","+37.9426680","-077.4486656",VA
"22548","+37.8158030","-076.7047849",VA
"22551","+38.1698379","-077.7000230",VA
"22553","+38.2712019","-077.6492950",VA
"22554","+38.4267821","-077.3668512",VA
"22556","+38.4689247","-077.5152442",VA
"22560","+37.9158495","-076.9610857",VA
"22567","+38.2378575","-077.9275755",VA
"22205","+38.8834724","-077.1395317",VA
"22206","+38.8439193","-077.0893978",VA
"22207","+38.9066646","-077.1242382",VA
"22209","+38.8950231","-077.0754637",VA
"22211","+38.8801153","-077.0707925",VA
"22213","+38.8951013","-077.1625106",VA
"22214","+38.8688179","-077.0739666",VA
"22301","+38.8199476","-077.0596342",VA
"22302","+38.8278825","-077.0849208",VA
"22303","+38.7943803","-077.0788367",VA
"22572","+37.9653007","-076.7710674",VA
"22576","+37.6710649","-076.4557320",VA
"22578","+37.6365708","-076.3561338",VA
"22579","+37.7955978","-076.3149378",VA
"22580","+38.1091823","-077.4456826",VA
"22601","+39.1742030","-078.1742889",VA
"22602","+39.1442492","-078.2848073",VA
"22603","+39.2693542","-078.2132703",VA
"22610","+38.8246562","-078.2791427",VA
"22611","+39.1688824","-077.9846130",VA
"22620","+39.0681861","-078.0322787",VA
"22623","+38.8489266","-078.1406637",VA
"22624","+39.2697843","-078.0918410",VA
"22625","+39.3768045","-078.3093256",VA
"22627","+38.7579176","-078.1445687",VA
"22630","+38.9309135","-078.1764799",VA
"22637","+39.2568060","-078.3524865",VA
"22639","+38.8137793","-078.0190643",VA
"22640","+38.8110285","-078.1405700",VA
"22641","+39.0852067","-078.3858682",VA
"22642","+38.9468965","-078.0121380",VA
"22304","+38.8132039","-077.1122681",VA
"22305","+38.8364625","-077.0620981",VA
"22306","+38.7497900","-077.1074005",VA
"22307","+38.7719964","-077.0572751",VA
"22308","+38.7335086","-077.0610758",VA
"22969","+37.7975003","-078.6933716",VA
"22971","+37.7451211","-078.7931769",VA
"22972","+38.2157760","-078.2302847",VA
"22973","+38.3358953","-078.4786849",VA
"22974","+37.9725825","-078.2844549",VA
"22976","+37.8127636","-079.0566854",VA
"23938","+36.9053140","-077.9920257",VA
"22643","+38.8853926","-077.9835555",VA
"22644","+38.9497720","-078.4864776",VA
"22645","+39.0191808","-078.2747064",VA
"22646","+39.0725182","-078.0509290",VA
"22650","+38.7650839","-078.3646319",VA
"22652","+38.8400907","-078.4317481",VA
"22654","+38.9881290","-078.5723794",VA
"22655","+39.0663347","-078.2091728",VA
"22656","+39.2205100","-078.0905210",VA
"22657","+39.0025500","-078.3761780",VA
"22660","+38.9441106","-078.4315198",VA
"22663","+39.0525449","-078.1123204",VA
"22664","+38.8889193","-078.5324525",VA
"22701","+38.4387767","-077.9962612",VA
"22709","+38.3287309","-078.2137367",VA
"22711","+38.4671287","-078.2749784",VA
"22712","+38.5640083","-077.7572465",VA
"22713","+38.5607163","-078.1188163",VA
"22714","+38.5196714","-077.8954186",VA
"22715","+38.4139536","-078.1846953",VA
"22716","+38.6299903","-078.1030159",VA
"22718","+38.4771810","-077.8274601",VA
"21403","+38.9421231","-076.4896281",MD
"21405","+39.0275293","-076.5566816",MD
"21409","+39.0184350","-076.4425333",MD
"22980","+38.0998575","-078.8805491",VA
"22989","+38.2886818","-078.1310664",VA
"23002","+37.3510602","-077.9678752",VA
"23004","+37.6882884","-078.3992017",VA
"23942","+37.1343660","-078.2891961",VA
"23943","+37.2454566","-078.4541436",VA
"23944","+36.9159387","-078.1386109",VA
"23947","+37.0310871","-078.4447243",VA
"23950","+36.6587619","-078.0758744",VA
"23952","+36.9287032","-078.2985879",VA
"23954","+37.1063335","-078.3801075",VA
"23958","+37.2648934","-078.6596334",VA
"23959","+37.1051917","-078.7947489",VA
"23960","+37.3209623","-078.5520637",VA
"23962","+36.9987296","-078.6665061",VA
"23963","+37.2009728","-078.7985470",VA
"23964","+36.7689739","-078.6287596",VA
"23966","+37.3002621","-078.2591161",VA
"23967","+36.9131253","-078.6366045",VA
"23968","+36.7252627","-078.5285088",VA
"23970","+36.7505014","-078.1907606",VA
"23974","+36.9704553","-078.2552764",VA
"23976","+36.8444282","-078.5853074",VA
"24011","+37.2708500","-079.9414903",VA
"24012","+37.3104638","-079.9030457",VA
"24013","+37.2665030","-079.9230947",VA
"24014","+37.2228600","-079.9151910",VA
"24015","+37.2567596","-079.9813298",VA
"24016","+37.2734365","-079.9546872",VA
"20785","+38.9182912","-076.8819478",MD
"20794","+39.1514751","-076.7947026",MD
"21502","+39.6436951","-078.7551408",MD
"21520","+39.6247382","-079.3014792",MD
"21521","+39.5513711","-079.0414767",MD
"21522","+39.6102431","-079.2277527",MD
"23005","+37.7596963","-077.4818702",VA
"23009","+37.8209381","-077.1811656",VA
"23011","+37.4773539","-076.8124505",VA
"23015","+37.9298122","-077.6262479",VA
"23021","+37.3898250","-076.3776883",VA
"23022","+37.7310042","-078.2631545",VA
"23023","+37.7689581","-076.9637286",VA
"24017","+37.2976424","-079.9909726",VA
"24018","+37.2130549","-080.0417392",VA
"24019","+37.3465226","-079.9535799",VA
"24020","+37.3582160","-079.9441791",VA
"22719","+38.5348895","-078.2812517",VA
"22720","+38.4749561","-077.6441067",VA
"22722","+38.4662501","-078.2270591",VA
"22723","+38.3346049","-078.3803613",VA
"22724","+38.6146452","-077.8939812",VA
"22726","+38.3982004","-077.8165354",VA
"22727","+38.4075939","-078.2952919",VA
"22728","+38.5965444","-077.6756917",VA
"22729","+38.3741942","-078.0177579",VA
"20812","+38.9670408","-077.1438813",MD
"20814","+39.0048389","-077.1030042",MD
"20815","+38.9833856","-077.0793367",MD
"20816","+38.9569499","-077.1200056",MD
"20817","+38.9972787","-077.1518162",MD
"20818","+38.9734860","-077.1623891",MD
"20832","+39.1503487","-077.0782506",MD
"20833","+39.2071747","-077.0546701",MD
"20837","+39.1165060","-077.4071150",MD
"21523","+39.4813310","-079.0785096",MD
"21524","+39.7076251","-078.8014058",MD
"21529","+39.7039417","-078.7671714",MD
"21530","+39.6796402","-078.5461225",MD
"21531","+39.6430455","-079.4280863",MD
"21532","+39.6490768","-078.9847322",MD
"21536","+39.6569596","-079.1655658",MD
"21538","+39.4099317","-079.2242900",MD
"21539","+39.5991249","-079.0830784",MD
"21540","+39.4781530","-079.0624542",MD
"21541","+39.5414708","-079.3800281",MD
"21542","+39.5960953","-078.9499870",MD
"21543","+39.6537968","-078.9588565",MD
"21545","+39.7040661","-078.8545206",MD
"23024","+37.9277524","-077.7792737",VA
"23025","+37.4151604","-076.3624159",VA
"23027","+37.6464764","-078.1301745",VA
"23030","+37.3459584","-077.0553137",VA
"23032","+37.6557823","-076.6692154",VA
"23035","+37.4893379","-076.3908660",VA
"23038","+37.7534641","-078.1487887",VA
"23039","+37.6565651","-077.8124650",VA
"23040","+37.5032175","-078.2478788",VA
"23043","+37.5620832","-076.3502760",VA
"20838","+39.2178051","-077.3907291",MD
"20839","+39.1883060","-077.4349709",MD
"20841","+39.1918529","-077.3275214",MD
"20842","+39.1998791","-077.4152660",MD
"20850","+39.0909235","-077.1821877",MD
"20851","+39.0790559","-077.1218181",MD
"23045","+37.4253479","-076.2688078",VA
"23047","+37.8433837","-077.4739166",VA
"23050","+37.4979437","-076.4263249",VA
"23055","+37.7682138","-078.2170106",VA
"23056","+37.3564804","-076.3626111",VA
"23059","+37.7022520","-077.5739948",VA
"24054","+36.6678047","-079.7069763",VA
"20852","+39.0515111","-077.1239735",MD
"20853","+39.1017470","-077.0946025",MD
"20854","+39.0327720","-077.2208298",MD
"20855","+39.1331841","-077.1343833",MD
"20860","+39.1423737","-077.0254167",MD
"20861","+39.1486833","-076.9990960",MD
"20862","+39.1807996","-077.0173953",MD
"20866","+39.1092797","-076.9339476",MD
"20868","+39.1265031","-076.9637956",MD
"20871","+39.2613410","-077.2825473",MD
"20872","+39.2944650","-077.2161249",MD
"20874","+39.1330557","-077.3018279",MD
"20876","+39.2083835","-077.2371818",MD
"20877","+39.1406014","-077.1920601",MD
"20878","+39.1126374","-077.2504363",MD
"20879","+39.1672978","-077.1641467",MD
"20880","+39.1397385","-077.1736019",MD
"20882","+39.2396325","-077.1610429",MD
"20886","+39.1698693","-077.2249628",MD
"23060","+37.6596637","-077.5338267",VA
"23061","+37.4277306","-076.5375835",VA
"20895","+39.0270479","-077.0775897",MD
"20896","+39.0353809","-077.0924575",MD
"20899","+39.1437124","-077.2161345",MD
"20901","+39.0214946","-077.0097789",MD
"20902","+39.0437553","-077.0423690",MD
"20903","+39.0214333","-076.9807743",MD
"20904","+39.0666160","-076.9809353",MD
"23608","+37.1478130","-076.5430360",VA
"20905","+39.1098657","-076.9880769",MD
"20906","+39.0873210","-077.0571590",MD
